{
  "products": [
    {
      "id": 2,
      "prod_name": "product2",
      "prod_desc": "description2",
      "prod_price": "22"
    },
    {
      "id": 4,
      "prod_name": "product1",
      "prod_desc": "description1",
      "prod_price": "11"
    },
    {
      "id": 6,
      "prod_name": "product3",
      "prod_desc": "description3",
      "prod_price": "33.3"
    },
    {
      "id": 7,
      "prod_name": "p5",
      "prod_desc": "d5",
      "prod_price": "55"
    },
    {
      "id": 8,
      "prod_name": "p6",
      "prod_desc": "d6",
      "prod_price": "66"
    },
    {
      "id": 9,
      "prod_name": "p7",
      "prod_desc": "d7",
      "prod_price": "77.90"
    },
    {
      "id": 10,
      "prod_name": "p9",
      "prod_desc": "d9",
      "prod_price": "99.90"
    },
    {
      "id": 11,
      "prod_name": "p10",
      "prod_desc": "d10",
      "prod_price": "100.2"
    },
    {
      "id": 12,
      "prod_name": "p11",
      "prod_desc": "d11",
      "prod_price": "110"
    }
  ]
}