{
  "products": [
    {
      "id": 2,
      "prod_name": "product2",
      "prod_desc": "description2",
      "prod_price": "23"
    },
    {
      "id": 4,
      "prod_name": "product1",
      "prod_desc": "description1",
      "prod_price": "11"
    },
    {
      "id": 6,
      "prod_name": "product3",
      "prod_desc": "description3",
      "prod_price": "33.3"
    },
    {
      "id": 7,
      "prod_name": "p5",
      "prod_desc": "d5",
      "prod_price": "55"
    },
    {
      "id": 8,
      "prod_name": "p6",
      "prod_desc": "d6",
      "prod_price": "66"
    },
    {
      "id": 9,
      "prod_name": "p7",
      "prod_desc": "d7",
      "prod_price": "77.90"
    },
    {
      "id": 10,
      "prod_name": "p9",
      "prod_desc": "d9",
      "prod_price": "99.90"
    },
    {
      "id": 11,
      "prod_name": "p10",
      "prod_desc": "d10",
      "prod_price": "100.2"
    },
    {
      "id": 12,
      "prod_name": "p11",
      "prod_desc": "d11",
      "prod_price": "110"
    },
    {
      "id": 13,
      "prod_name": "p15",
      "prod_desc": "d15",
      "prod_price": "155"
    },
    {
      "id": 14,
      "prod_name": "p16",
      "prod_desc": "d16",
      "prod_price": "166"
    },
    {
      "id": 15,
      "prod_name": "p16",
      "prod_desc": "d16",
      "prod_price": "166"
    },
    {
      "id": 16,
      "prod_name": "p17",
      "prod_desc": "d17",
      "prod_price": "177"
    },
    {
      "id": 17,
      "prod_name": "p18",
      "prod_desc": "d18",
      "prod_price": "188"
    },
    {
      "id": 18,
      "prod_name": "p18",
      "prod_desc": "d18",
      "prod_price": "188"
    },
    {
      "id": 19,
      "prod_name": "p18",
      "prod_desc": "d18",
      "prod_price": "188"
    },
    {
      "id": 20,
      "prod_name": "p18",
      "prod_desc": "d18",
      "prod_price": "188"
    },
    {
      "id": 21,
      "prod_name": "p19",
      "prod_desc": "d19",
      "prod_price": "199"
    },
    {
      "id": 22,
      "prod_name": "p19",
      "prod_desc": "d19",
      "prod_price": "199"
    },
    {
      "id": 23,
      "prod_name": "p19",
      "prod_desc": "d19",
      "prod_price": "199"
    },
    {
      "id": 24,
      "prod_name": "p19",
      "prod_desc": "d19",
      "prod_price": "199"
    },
    {
      "id": 25,
      "prod_name": "p20",
      "prod_desc": "d20",
      "prod_price": "200"
    },
    {
      "id": 26,
      "prod_name": "p21",
      "prod_desc": "d21",
      "prod_price": "210"
    },
    {
      "id": 27,
      "prod_name": "p21",
      "prod_desc": "d21",
      "prod_price": "210"
    },
    {
      "id": 28,
      "prod_name": "p22",
      "prod_desc": "d22",
      "prod_price": "222"
    },
    {
      "id": 29,
      "prod_name": "p22",
      "prod_desc": "d22",
      "prod_price": "222"
    },
    {
      "id": 30,
      "prod_name": "p22",
      "prod_desc": "d22",
      "prod_price": "222"
    },
    {
      "id": 31,
      "prod_name": "",
      "prod_desc": "",
      "prod_price": ""
    },
    {
      "id": 32,
      "prod_name": "",
      "prod_desc": "",
      "prod_price": ""
    }
  ]
}